<?xml version="1.0" encoding="UTF-8"?>
<!DOCTYPE mapper PUBLIC "-//mybatis.org//DTD Mapper 3.0//EN" "http://mybatis.org/dtd/mybatis-3-mapper.dtd">
<mapper namespace="com.example.demo.dao.StudentDao">
    <resultMap type="com.example.demo.entity.Student" id="StudentMap">
        <result property="id" column="id" jdbcType="INTEGER"/>
        <result property="name" column="name" jdbcType="VARCHAR"/>
        <result property="age" column="age" jdbcType="INTEGER"/>
    </resultMap>

    <!--查询单个-->
    <select id="queryById" resultMap="StudentMap">
        select
          id, name, age
        from mybatis.student
        where id = #{id}
    </select>

    <!--查询指定行数据-->
    <select id="queryAllByLimit" resultMap="StudentMap">
        select
          id, name, age
        from mybatis.student
        limit #{offset}, #{limit}
    </select>

    <!--通过实体作为筛选条件查询-->
    <select id="queryAll" resultMap="StudentMap">
        select
        id, name, age
        from mybatis.student
        <where>
            <if test="id != null">
                and id = #{id}
            </if>
            <if test="name != null and name != ''">
                and name = #{name}
            </if>
            <if test="age != null">
                and age = #{age}
            </if>
        </where>
    </select>

    <!--新增所有列-->
    <insert id="insert" keyProperty="id" useGeneratedKeys="true">
        insert into mybatis.student(name, age)
        values (#{name}, #{age})
    </insert>

    <!--通过主键修改数据-->
    <update id="update">
        update mybatis.student
        <set>
            <if test="name != null and name != ''">
                name = #{name},
            </if>
            <if test="age != null">
                age = #{age},
            </if>
        </set>
        where id = #{id}
    </update>

    <!--通过主键删除-->
    <delete id="deleteById">
        delete from mybatis.student where id = #{id}
    </delete>

</mapper>