<?xml version="1.0" encoding="UTF-8"?>
<!DOCTYPE mapper PUBLIC "-//mybatis.org//DTD Mapper 3.0//EN" "http://mybatis.org/dtd/mybatis-3-mapper.dtd">
<mapper namespace="com.demo.mapper.ArticleMapper">
  <resultMap id="BaseResultMap" type="com.demo.pojo.TArticle">
    <id column="id" jdbcType="INTEGER" property="id" />
    <result column="title" jdbcType="VARCHAR" property="title" />
    <result column="content" jdbcType="VARCHAR" property="content" />
  </resultMap>
  <sql id="Base_Column_List">
    id, title, content
  </sql>
  <select id="selectByPrimaryKey" parameterType="java.lang.Integer" resultMap="BaseResultMap">
    select 
    <include refid="Base_Column_List" />
    from t_article
    where id = #{id,jdbcType=INTEGER}
  </select>
  <delete id="deleteByPrimaryKey" parameterType="java.lang.Integer">
    delete from t_article
    where id = #{id,jdbcType=INTEGER}
  </delete>
  <insert id="insert" keyColumn="id" keyProperty="id" parameterType="com.demo.pojo.TArticle" useGeneratedKeys="true">
    insert into t_article (title, content)
    values (#{title,jdbcType=VARCHAR}, #{content,jdbcType=VARCHAR})
  </insert>
  <insert id="insertSelective" keyColumn="id" keyProperty="id" parameterType="com.demo.pojo.TArticle" useGeneratedKeys="true">
    insert into t_article
    <trim prefix="(" suffix=")" suffixOverrides=",">
      <if test="title != null">
        title,
      </if>
      <if test="content != null">
        content,
      </if>
    </trim>
    <trim prefix="values (" suffix=")" suffixOverrides=",">
      <if test="title != null">
        #{title,jdbcType=VARCHAR},
      </if>
      <if test="content != null">
        #{content,jdbcType=VARCHAR},
      </if>
    </trim>
  </insert>
  <update id="updateByPrimaryKeySelective" parameterType="com.demo.pojo.TArticle">
    update t_article
    <set>
      <if test="title != null">
        title = #{title,jdbcType=VARCHAR},
      </if>
      <if test="content != null">
        content = #{content,jdbcType=VARCHAR},
      </if>
    </set>
    where id = #{id,jdbcType=INTEGER}
  </update>
  <update id="updateByPrimaryKey" parameterType="com.demo.pojo.TArticle">
    update t_article
    set title = #{title,jdbcType=VARCHAR},
      content = #{content,jdbcType=VARCHAR}
    where id = #{id,jdbcType=INTEGER}
  </update>
</mapper>