<?xml version="1.0" encoding="UTF-8"?>
<!DOCTYPE mapper PUBLIC "-//mybatis.org//DTD Mapper 3.0//EN" "http://mybatis.org/dtd/mybatis-3-mapper.dtd">
<mapper namespace="com.example.demo.mapper.OrderMapper">
  <resultMap id="BaseResultMap" type="com.example.demo.pojo.Order">
    <id column="order_id" jdbcType="BIGINT" property="orderId" />
    <result column="order_name" jdbcType="VARCHAR" property="orderName" />
    <result column="order_type" jdbcType="VARCHAR" property="orderType" />
    <result column="order_detail" jdbcType="VARCHAR" property="orderDetail" />
  </resultMap>
  <sql id="Base_Column_List">
    order_id, order_name, order_type, order_detail
  </sql>
  <select id="selectByPrimaryKey" parameterType="java.lang.Long" resultMap="BaseResultMap">
    select 
    <include refid="Base_Column_List" />
    from tb_order
    where order_id = #{orderId,jdbcType=BIGINT}
  </select>
  <delete id="deleteByPrimaryKey" parameterType="java.lang.Long">
    delete from tb_order
    where order_id = #{orderId,jdbcType=BIGINT}
  </delete>
  <insert id="insert" parameterType="com.example.demo.pojo.Order">
    insert into tb_order (order_id, order_name, order_type, 
      order_detail)
    values (#{orderId,jdbcType=BIGINT}, #{orderName,jdbcType=VARCHAR}, #{orderType,jdbcType=VARCHAR}, 
      #{orderDetail,jdbcType=VARCHAR})
  </insert>
  <insert id="insertSelective" parameterType="com.example.demo.pojo.Order">
    insert into tb_order
    <trim prefix="(" suffix=")" suffixOverrides=",">
      <if test="orderId != null">
        order_id,
      </if>
      <if test="orderName != null">
        order_name,
      </if>
      <if test="orderType != null">
        order_type,
      </if>
      <if test="orderDetail != null">
        order_detail,
      </if>
    </trim>
    <trim prefix="values (" suffix=")" suffixOverrides=",">
      <if test="orderId != null">
        #{orderId,jdbcType=BIGINT},
      </if>
      <if test="orderName != null">
        #{orderName,jdbcType=VARCHAR},
      </if>
      <if test="orderType != null">
        #{orderType,jdbcType=VARCHAR},
      </if>
      <if test="orderDetail != null">
        #{orderDetail,jdbcType=VARCHAR},
      </if>
    </trim>
  </insert>
  <update id="updateByPrimaryKeySelective" parameterType="com.example.demo.pojo.Order">
    update tb_order
    <set>
      <if test="orderName != null">
        order_name = #{orderName,jdbcType=VARCHAR},
      </if>
      <if test="orderType != null">
        order_type = #{orderType,jdbcType=VARCHAR},
      </if>
      <if test="orderDetail != null">
        order_detail = #{orderDetail,jdbcType=VARCHAR},
      </if>
    </set>
    where order_id = #{orderId,jdbcType=BIGINT}
  </update>
  <update id="updateByPrimaryKey" parameterType="com.example.demo.pojo.Order">
    update tb_order
    set order_name = #{orderName,jdbcType=VARCHAR},
      order_type = #{orderType,jdbcType=VARCHAR},
      order_detail = #{orderDetail,jdbcType=VARCHAR}
    where order_id = #{orderId,jdbcType=BIGINT}
  </update>
</mapper>