<?xml version="1.0" encoding="UTF-8"?>
<!DOCTYPE mapper PUBLIC "-//mybatis.org//DTD Mapper 3.0//EN" "http://mybatis.org/dtd/mybatis-3-mapper.dtd">
<mapper namespace="com.example.demo.mapper.UserMapper">
  <resultMap id="BaseResultMap" type="com.example.demo.pojo.User">
    <id column="user_id" jdbcType="BIGINT" property="userId" />
    <result column="user_name" jdbcType="VARCHAR" property="userName" />
    <result column="user_age" jdbcType="INTEGER" property="userAge" />
    <result column="user_resume" jdbcType="VARCHAR" property="userResume" />
  </resultMap>
  <sql id="Base_Column_List">
    user_id, user_name, user_age, user_resume
  </sql>
  <select id="selectByPrimaryKey" parameterType="java.lang.Long" resultMap="BaseResultMap">
    select 
    <include refid="Base_Column_List" />
    from tb_user
    where user_id = #{userId,jdbcType=BIGINT}
  </select>
  <delete id="deleteByPrimaryKey" parameterType="java.lang.Long">
    delete from tb_user
    where user_id = #{userId,jdbcType=BIGINT}
  </delete>
  <insert id="insert" parameterType="com.example.demo.pojo.User">
    insert into tb_user (user_id, user_name, user_age, 
      user_resume)
    values (#{userId,jdbcType=BIGINT}, #{userName,jdbcType=VARCHAR}, #{userAge,jdbcType=INTEGER}, 
      #{userResume,jdbcType=VARCHAR})
  </insert>
  <insert id="insertSelective" parameterType="com.example.demo.pojo.User">
    insert into tb_user
    <trim prefix="(" suffix=")" suffixOverrides=",">
      <if test="userId != null">
        user_id,
      </if>
      <if test="userName != null">
        user_name,
      </if>
      <if test="userAge != null">
        user_age,
      </if>
      <if test="userResume != null">
        user_resume,
      </if>
    </trim>
    <trim prefix="values (" suffix=")" suffixOverrides=",">
      <if test="userId != null">
        #{userId,jdbcType=BIGINT},
      </if>
      <if test="userName != null">
        #{userName,jdbcType=VARCHAR},
      </if>
      <if test="userAge != null">
        #{userAge,jdbcType=INTEGER},
      </if>
      <if test="userResume != null">
        #{userResume,jdbcType=VARCHAR},
      </if>
    </trim>
  </insert>
  <update id="updateByPrimaryKeySelective" parameterType="com.example.demo.pojo.User">
    update tb_user
    <set>
      <if test="userName != null">
        user_name = #{userName,jdbcType=VARCHAR},
      </if>
      <if test="userAge != null">
        user_age = #{userAge,jdbcType=INTEGER},
      </if>
      <if test="userResume != null">
        user_resume = #{userResume,jdbcType=VARCHAR},
      </if>
    </set>
    where user_id = #{userId,jdbcType=BIGINT}
  </update>
  <update id="updateByPrimaryKey" parameterType="com.example.demo.pojo.User">
    update tb_user
    set user_name = #{userName,jdbcType=VARCHAR},
      user_age = #{userAge,jdbcType=INTEGER},
      user_resume = #{userResume,jdbcType=VARCHAR}
    where user_id = #{userId,jdbcType=BIGINT}
  </update>
</mapper>