<?xml version="1.0" encoding="UTF-8"?>

<animals>
  <animal>
    <name>胖胖</name>
    <age>2岁</age>
    <weight>1.3吨</weight>
  </animal>
  <animal>
    <name>肥仔</name>
    <age>1岁</age>
    <weight>1.5吨</weight>
  </animal>
  <animal>
    <name>憨憨</name>
    <age>3岁</age>
    <weight>1.8吨</weight>
  </animal>
  <animal>
    <name>星仔</name>
    <age>3岁</age>
    <height>0.8米</height>
  </animal>
  <animal>
    <name>狒狒</name>
    <age>4岁</age>
    <height>0.9米</height>
  </animal>
  <animal>
    <name>猴哥</name>
    <age>5岁</age>
    <height>1.0米</height>
  </animal>
</animals>
